complaint_id,created_at,created_by,updated_at,updated_by,customer_name,customer_mobile,order_number,purchase_date,chair_type,purchase_source,complaint_type,description,invoice_generated_by,invoice_files,evidence_files,status,priority,assigned_to,department,warranty_status,warranty_verified_by,warranty_verified_at,warranty_remarks,payment_required,payment_status,payment_amount,payment_collected,action_taken,resolution,resolution_date,tat_hours,customer_confirmed,closed_at,reopened_count,is_deleted
OAK-CMP-20260814-0001,2026-08-14T11:09:44.245Z,rahul@oakcraft.in,2026-08-15T14:09:44.245Z,rahul@oakcraft.in,Yash Dalmia,9100277165,OAK-ORD-24635,2025-12-22,Outdoor Chair,Company Website/Online Store,Structural Defect,The chair base developed a visible crack near the weld within a few weeks of normal use.,Capital Sales,,,Resolved,Critical,rahul@oakcraft.in,Service & Repair,Under Warranty,rahul@oakcraft.in,2026-08-14T12:39:44.245Z,"Invoice verified, within cover.",FALSE,Not Required,0,0,Replacement base dispatched and fitted on site by the service team.,Issue rectified and verified with the customer.,2026-08-15T14:09:44.245Z,27,TRUE,,0,FALSE
OAK-CMP-20260816-0001,2026-08-16T11:50:44.245Z,pooja@oakcraft.in,2026-08-17T06:20:44.245Z,pooja@oakcraft.in,Tanvi Sheth,9100269246,OAK-ORD-24622,2025-12-30,Lounge/Accent Chair,Third-Party Retailer (Amazon),Other,Castors squeak loudly on hard flooring and one wheel keeps detaching from its socket.,Kanha Creation,,,Closed,High,pooja@oakcraft.in,Service & Repair,Under Warranty,pooja@oakcraft.in,2026-08-16T13:20:44.245Z,"Invoice verified, within cover.",FALSE,Not Required,0,0,Castor set replaced with the heavy-duty variant.,Issue rectified and verified with the customer.,2026-08-17T06:20:44.245Z,18.5,TRUE,2026-08-17T06:20:44.245Z,0,FALSE
OAK-CMP-20260817-0001,2026-08-17T12:31:44.245Z,aman@oakcraft.in,2026-08-17T12:31:44.245Z,aman@oakcraft.in,Abhay Pawar,9100261327,OAK-ORD-24609,2026-01-06,Office Chair (Ergonomic/Task),Other,Aesthetic/Finish Issue,"Noticeable scratches and a patch of uneven polish on the right leg, visible on delivery.",Naman Packaging,,,Assigned,Medium,aman@oakcraft.in,Customer Support,Out of Warranty,aman@oakcraft.in,2026-08-17T14:01:44.245Z,Purchased beyond the 12-month cover.,TRUE,Pending,1350,0,,,,,FALSE,,0,FALSE
OAK-CMP-20260819-0001,2026-08-19T13:12:44.245Z,ritu@oakcraft.in,2026-08-23T12:12:44.245Z,ritu@oakcraft.in,Nandini Rao,9100253408,OAK-ORD-24596,2026-01-14,Outdoor Chair,Physical Retail Store (Our Brand),Mechanism Failure,The gas lift no longer holds height; the seat sinks fully within a minute of sitting down.,Vishu Sales,,,Closed,Low,ritu@oakcraft.in,Customer Support,Under Warranty,ritu@oakcraft.in,2026-08-19T14:42:44.245Z,"Invoice verified, within cover.",FALSE,Not Required,0,0,Gas lift cylinder replaced and load-tested on site.,Issue rectified and verified with the customer.,2026-08-23T12:12:44.245Z,95,TRUE,2026-08-23T12:12:44.245Z,0,FALSE
OAK-CMP-20260820-0001,2026-08-20T13:53:44.245Z,rahul@oakcraft.in,2026-08-24T04:23:44.245Z,rahul@oakcraft.in,Sameer Qureshi,9100245489,OAK-ORD-24583,2026-01-21,Lounge/Accent Chair,Third-Party Retailer (Flipkart),Material/Upholstery Damage,Fabric on the left armrest has frayed and the seam has opened along a 6 cm stretch.,Capital Sales,,,Closed,Critical,rahul@oakcraft.in,Service & Repair,Under Warranty,rahul@oakcraft.in,2026-08-20T15:23:44.245Z,"Invoice verified, within cover.",FALSE,Not Required,0,0,Armrest upholstery re-stitched and matched to the original fabric.,Issue rectified and verified with the customer.,2026-08-24T04:23:44.245Z,86.5,TRUE,2026-08-24T04:23:44.245Z,0,FALSE
OAK-CMP-20260822-0001,2026-08-22T14:34:44.245Z,pooja@oakcraft.in,2026-08-22T14:34:44.245Z,pooja@oakcraft.in,Ira Chatterjee,9100237570,OAK-ORD-24570,2026-01-29,Office Chair (Ergonomic/Task),Company Website/Online Store,Comfort/Ergonomics Issue,Lumbar support sits far lower than shown on the product page and causes back strain within an hour.,Kanha Creation,,,Registered,High,pooja@oakcraft.in,Service & Repair,Under Warranty,pooja@oakcraft.in,2026-08-22T16:04:44.245Z,"Invoice verified, within cover.",FALSE,Not Required,0,0,,,,,FALSE,,0,FALSE
OAK-CMP-20260824-0001,2026-08-24T15:15:44.245Z,aman@oakcraft.in,2026-08-27T12:45:44.245Z,aman@oakcraft.in,Kunal Bhardwaj,9100229651,OAK-ORD-24557,2026-02-06,Outdoor Chair,Third-Party Retailer (Amazon),Assembly Issue,"Two bolt holes on the seat plate do not line up with the supplied bracket, so assembly cannot be completed.",Naman Packaging,,,Closed,Medium,aman@oakcraft.in,Customer Support,Out of Warranty,aman@oakcraft.in,2026-08-24T16:45:44.245Z,Purchased beyond the 12-month cover.,TRUE,Verified,1650,1650,Corrected bracket shipped with an illustrated assembly guide; installation confirmed.,Issue rectified and verified with the customer.,2026-08-27T12:45:44.245Z,69.5,TRUE,2026-08-27T12:45:44.245Z,0,FALSE
OAK-CMP-20260825-0001,2026-08-25T15:56:44.245Z,ritu@oakcraft.in,2026-08-28T04:56:44.245Z,ritu@oakcraft.in,Zoya Ansari,9100221732,OAK-ORD-24544,2026-02-13,Lounge/Accent Chair,Other,Structural Defect,The chair base developed a visible crack near the weld within a few weeks of normal use.,Vishu Sales,,,Resolved,Low,ritu@oakcraft.in,Customer Support,Under Warranty,ritu@oakcraft.in,2026-08-25T17:26:44.245Z,"Invoice verified, within cover.",FALSE,Not Required,0,0,Replacement base dispatched and fitted on site by the service team.,Issue rectified and verified with the customer.,2026-08-28T04:56:44.245Z,61,TRUE,,0,FALSE
OAK-CMP-20260827-0001,2026-08-27T16:37:44.245Z,rahul@oakcraft.in,2026-08-27T16:37:44.245Z,rahul@oakcraft.in,Pallavi Shetty,9100213813,OAK-ORD-24531,2026-02-21,Office Chair (Ergonomic/Task),Physical Retail Store (Our Brand),Other,Castors squeak loudly on hard flooring and one wheel keeps detaching from its socket.,Capital Sales,,,Warranty Check,Critical,rahul@oakcraft.in,Service & Repair,Pending Verification,,,,FALSE,Not Required,0,0,,,,,FALSE,,0,FALSE
OAK-CMP-20260828-0001,2026-08-28T17:18:44.245Z,pooja@oakcraft.in,2026-08-30T13:18:44.245Z,pooja@oakcraft.in,Varun Saxena,9100205894,OAK-ORD-24518,2026-02-28,Outdoor Chair,Third-Party Retailer (Flipkart),Aesthetic/Finish Issue,"Noticeable scratches and a patch of uneven polish on the right leg, visible on delivery.",Kanha Creation,,,Closed,High,pooja@oakcraft.in,Service & Repair,Under Warranty,pooja@oakcraft.in,2026-08-28T18:48:44.245Z,"Invoice verified, within cover.",FALSE,Not Required,0,0,Leg refinished at the workshop and returned within the TAT window.,Issue rectified and verified with the customer.,2026-08-30T13:18:44.245Z,44,TRUE,2026-08-30T13:18:44.245Z,1,FALSE
OAK-CMP-20260830-0001,2026-08-30T17:59:44.245Z,aman@oakcraft.in,2026-09-01T05:29:44.245Z,aman@oakcraft.in,Leela Krishnan,9100197975,OAK-ORD-24505,2026-03-08,Lounge/Accent Chair,Company Website/Online Store,Mechanism Failure,The gas lift no longer holds height; the seat sinks fully within a minute of sitting down.,Naman Packaging,,,Closed,Medium,aman@oakcraft.in,Customer Support,Out of Warranty,aman@oakcraft.in,2026-08-30T19:29:44.245Z,Purchased beyond the 12-month cover.,TRUE,Verified,450,450,Gas lift cylinder replaced and load-tested on site.,Issue rectified and verified with the customer.,2026-09-01T05:29:44.245Z,35.5,TRUE,2026-09-01T05:29:44.245Z,0,FALSE
OAK-CMP-20260831-0001,2026-08-31T18:40:44.245Z,ritu@oakcraft.in,2026-08-31T18:40:44.245Z,ritu@oakcraft.in,Manish Tiwari,9100190056,OAK-ORD-24492,2026-03-15,Office Chair (Ergonomic/Task),Third-Party Retailer (Amazon),Material/Upholstery Damage,Fabric on the left armrest has frayed and the seam has opened along a 6 cm stretch.,Vishu Sales,,,In Progress,Low,ritu@oakcraft.in,Customer Support,Under Warranty,ritu@oakcraft.in,2026-08-31T20:10:44.245Z,"Invoice verified, within cover.",FALSE,Not Required,0,0,,,,,FALSE,,0,FALSE
OAK-CMP-20260902-0001,2026-09-02T19:21:44.245Z,rahul@oakcraft.in,2026-09-03T13:51:44.245Z,rahul@oakcraft.in,Simran Kaur,9100182137,OAK-ORD-24479,2026-03-23,Outdoor Chair,Other,Comfort/Ergonomics Issue,Lumbar support sits far lower than shown on the product page and causes back strain within an hour.,Capital Sales,,,Closed,Critical,rahul@oakcraft.in,Service & Repair,Under Warranty,rahul@oakcraft.in,2026-09-02T20:51:44.245Z,"Invoice verified, within cover.",FALSE,Not Required,0,0,Lumbar module swapped for the adjustable variant at no cost.,Issue rectified and verified with the customer.,2026-09-03T13:51:44.245Z,18.5,TRUE,2026-09-03T13:51:44.245Z,0,FALSE
OAK-CMP-20260903-0001,2026-09-03T20:02:44.245Z,pooja@oakcraft.in,2026-09-04T06:02:44.245Z,pooja@oakcraft.in,Rakesh Kulkarni,9100174218,OAK-ORD-24466,2026-03-30,Lounge/Accent Chair,Physical Retail Store (Our Brand),Assembly Issue,"Two bolt holes on the seat plate do not line up with the supplied bracket, so assembly cannot be completed.",Kanha Creation,,,Closed,High,pooja@oakcraft.in,Service & Repair,Under Warranty,pooja@oakcraft.in,2026-09-03T21:32:44.245Z,"Invoice verified, within cover.",FALSE,Not Required,0,0,Corrected bracket shipped with an illustrated assembly guide; installation confirmed.,Issue rectified and verified with the customer.,2026-09-04T06:02:44.245Z,10,TRUE,2026-09-04T06:02:44.245Z,0,FALSE
OAK-CMP-20260905-0001,2026-09-05T20:43:44.245Z,aman@oakcraft.in,2026-09-05T20:43:44.245Z,aman@oakcraft.in,Ananya Ghosh,9100166299,OAK-ORD-24453,2026-04-07,Office Chair (Ergonomic/Task),Third-Party Retailer (Flipkart),Structural Defect,The chair base developed a visible crack near the weld within a few weeks of normal use.,Naman Packaging,,,Under Verification,Medium,aman@oakcraft.in,Customer Support,Out of Warranty,aman@oakcraft.in,2026-09-05T22:13:44.245Z,Purchased beyond the 12-month cover.,TRUE,Pending,750,0,,,,,FALSE,,0,FALSE
OAK-CMP-20260906-0001,2026-09-06T21:24:44.245Z,ritu@oakcraft.in,2026-09-10T11:54:44.245Z,ritu@oakcraft.in,Gaurav Malhotra,9100158380,OAK-ORD-24440,2026-04-14,Outdoor Chair,Company Website/Online Store,Other,Castors squeak loudly on hard flooring and one wheel keeps detaching from its socket.,Vishu Sales,,,Closed,Low,ritu@oakcraft.in,Customer Support,Under Warranty,ritu@oakcraft.in,2026-09-06T22:54:44.245Z,"Invoice verified, within cover.",FALSE,Not Required,0,0,Castor set replaced with the heavy-duty variant.,Issue rectified and verified with the customer.,2026-09-10T11:54:44.245Z,86.5,TRUE,2026-09-10T11:54:44.245Z,0,FALSE
OAK-CMP-20260908-0001,2026-09-08T22:05:44.245Z,rahul@oakcraft.in,2026-09-12T04:05:44.245Z,rahul@oakcraft.in,Shalini Dutta,9100150461,OAK-ORD-24427,2026-04-22,Lounge/Accent Chair,Third-Party Retailer (Amazon),Aesthetic/Finish Issue,"Noticeable scratches and a patch of uneven polish on the right leg, visible on delivery.",Capital Sales,,,Closed,Critical,rahul@oakcraft.in,Service & Repair,Under Warranty,rahul@oakcraft.in,2026-09-08T23:35:44.245Z,"Invoice verified, within cover.",FALSE,Not Required,0,0,Leg refinished at the workshop and returned within the TAT window.,Issue rectified and verified with the customer.,2026-09-12T04:05:44.245Z,78,TRUE,2026-09-12T04:05:44.245Z,0,FALSE
OAK-CMP-20260910-0001,2026-09-10T22:46:44.245Z,pooja@oakcraft.in,2026-09-10T22:46:44.245Z,pooja@oakcraft.in,Nikhil Reddy,9100142542,OAK-ORD-24414,2026-04-30,Office Chair (Ergonomic/Task),Other,Mechanism Failure,The gas lift no longer holds height; the seat sinks fully within a minute of sitting down.,Kanha Creation,,,Assigned,High,pooja@oakcraft.in,Service & Repair,Pending Verification,,,,FALSE,Not Required,0,0,,,,,FALSE,,0,FALSE
OAK-CMP-20260911-0001,2026-09-11T23:27:44.245Z,aman@oakcraft.in,2026-09-14T12:27:44.245Z,aman@oakcraft.in,Farah Khan,9100134623,OAK-ORD-24401,2026-05-07,Outdoor Chair,Physical Retail Store (Our Brand),Material/Upholstery Damage,Fabric on the left armrest has frayed and the seam has opened along a 6 cm stretch.,Naman Packaging,,,Closed,Medium,aman@oakcraft.in,Customer Support,Out of Warranty,aman@oakcraft.in,2026-09-12T00:57:44.245Z,Purchased beyond the 12-month cover.,TRUE,Verified,1050,1050,Armrest upholstery re-stitched and matched to the original fabric.,Issue rectified and verified with the customer.,2026-09-14T12:27:44.245Z,61,TRUE,2026-09-14T12:27:44.245Z,0,FALSE
OAK-CMP-20260914-0001,2026-09-14T00:08:44.245Z,ritu@oakcraft.in,2026-09-16T04:38:44.245Z,ritu@oakcraft.in,Mohit Jain,9100126704,OAK-ORD-24388,2026-05-16,Lounge/Accent Chair,Third-Party Retailer (Flipkart),Comfort/Ergonomics Issue,Lumbar support sits far lower than shown on the product page and causes back strain within an hour.,Vishu Sales,,,Closed,Low,ritu@oakcraft.in,Customer Support,Under Warranty,ritu@oakcraft.in,2026-09-14T01:38:44.245Z,"Invoice verified, within cover.",FALSE,Not Required,0,0,Lumbar module swapped for the adjustable variant at no cost.,Issue rectified and verified with the customer.,2026-09-16T04:38:44.245Z,52.5,TRUE,2026-09-16T04:38:44.245Z,0,FALSE
OAK-CMP-20260915-0001,2026-09-15T00:49:44.245Z,rahul@oakcraft.in,2026-09-15T00:49:44.245Z,rahul@oakcraft.in,Ritika Bose,9100118785,OAK-ORD-24375,2026-05-23,Office Chair (Ergonomic/Task),Company Website/Online Store,Assembly Issue,"Two bolt holes on the seat plate do not line up with the supplied bracket, so assembly cannot be completed.",Capital Sales,,,Registered,Critical,rahul@oakcraft.in,Service & Repair,Under Warranty,rahul@oakcraft.in,2026-09-15T02:19:44.245Z,"Invoice verified, within cover.",FALSE,Not Required,0,0,,,,,FALSE,,0,FALSE
OAK-CMP-20260917-0001,2026-09-17T01:30:44.245Z,pooja@oakcraft.in,2026-09-18T13:00:44.245Z,pooja@oakcraft.in,Deepak Yadav,9100110866,OAK-ORD-24362,2026-05-31,Outdoor Chair,Third-Party Retailer (Amazon),Structural Defect,The chair base developed a visible crack near the weld within a few weeks of normal use.,Kanha Creation,,,Resolved,High,pooja@oakcraft.in,Service & Repair,Under Warranty,pooja@oakcraft.in,2026-09-17T03:00:44.245Z,"Invoice verified, within cover.",FALSE,Not Required,0,0,Replacement base dispatched and fitted on site by the service team.,Issue rectified and verified with the customer.,2026-09-18T13:00:44.245Z,35.5,TRUE,,0,FALSE
OAK-CMP-20260918-0001,2026-09-18T02:11:44.245Z,aman@oakcraft.in,2026-09-19T05:11:44.245Z,aman@oakcraft.in,Sunita Pillai,9100102947,OAK-ORD-24349,2026-06-07,Lounge/Accent Chair,Other,Other,Castors squeak loudly on hard flooring and one wheel keeps detaching from its socket.,Naman Packaging,,,Closed,Medium,aman@oakcraft.in,Customer Support,Out of Warranty,aman@oakcraft.in,2026-09-18T03:41:44.245Z,Purchased beyond the 12-month cover.,TRUE,Verified,1350,1350,Castor set replaced with the heavy-duty variant.,Issue rectified and verified with the customer.,2026-09-19T05:11:44.245Z,27,TRUE,2026-09-19T05:11:44.245Z,1,FALSE
OAK-CMP-20260920-0001,2026-09-20T02:52:44.245Z,ritu@oakcraft.in,2026-09-20T02:52:44.245Z,ritu@oakcraft.in,Harsh Agarwal,9100095028,OAK-ORD-24336,2026-06-15,Office Chair (Ergonomic/Task),Physical Retail Store (Our Brand),Aesthetic/Finish Issue,"Noticeable scratches and a patch of uneven polish on the right leg, visible on delivery.",Vishu Sales,,,Warranty Check,Low,ritu@oakcraft.in,Customer Support,Under Warranty,ritu@oakcraft.in,2026-09-20T04:22:44.245Z,"Invoice verified, within cover.",FALSE,Not Required,0,0,,,,,FALSE,,0,FALSE
OAK-CMP-20260921-0001,2026-09-21T03:33:44.245Z,rahul@oakcraft.in,2026-09-21T13:33:44.245Z,rahul@oakcraft.in,Priya Chawla,9100087109,OAK-ORD-24323,2026-06-22,Outdoor Chair,Third-Party Retailer (Flipkart),Mechanism Failure,The gas lift no longer holds height; the seat sinks fully within a minute of sitting down.,Capital Sales,,,Closed,Critical,rahul@oakcraft.in,Service & Repair,Under Warranty,rahul@oakcraft.in,2026-09-21T05:03:44.245Z,"Invoice verified, within cover.",FALSE,Not Required,0,0,Gas lift cylinder replaced and load-tested on site.,Issue rectified and verified with the customer.,2026-09-21T13:33:44.245Z,10,TRUE,2026-09-21T13:33:44.245Z,0,FALSE
OAK-CMP-20260923-0001,2026-09-23T04:14:44.245Z,pooja@oakcraft.in,2026-09-27T03:14:44.245Z,pooja@oakcraft.in,Tarun Kapoor,9100079190,OAK-ORD-24310,2026-06-30,Lounge/Accent Chair,Company Website/Online Store,Material/Upholstery Damage,Fabric on the left armrest has frayed and the seam has opened along a 6 cm stretch.,Kanha Creation,,,Closed,High,pooja@oakcraft.in,Service & Repair,Under Warranty,pooja@oakcraft.in,2026-09-23T05:44:44.245Z,"Invoice verified, within cover.",FALSE,Not Required,0,0,Armrest upholstery re-stitched and matched to the original fabric.,Issue rectified and verified with the customer.,2026-09-27T03:14:44.245Z,95,TRUE,2026-09-27T03:14:44.245Z,0,FALSE
OAK-CMP-20260925-0001,2026-09-25T04:55:44.245Z,aman@oakcraft.in,2026-09-25T04:55:44.245Z,aman@oakcraft.in,Anjali Menon,9100071271,OAK-ORD-24297,2026-07-08,Office Chair (Ergonomic/Task),Third-Party Retailer (Amazon),Comfort/Ergonomics Issue,Lumbar support sits far lower than shown on the product page and causes back strain within an hour.,Naman Packaging,,,In Progress,Medium,aman@oakcraft.in,Customer Support,Pending Verification,,,,TRUE,Pending,1650,0,,,,,FALSE,,0,FALSE
OAK-CMP-20260926-0001,2026-09-26T05:36:44.245Z,ritu@oakcraft.in,2026-09-29T11:36:44.245Z,ritu@oakcraft.in,Vikram Singh,9100063352,OAK-ORD-24284,2026-07-15,Outdoor Chair,Other,Assembly Issue,"Two bolt holes on the seat plate do not line up with the supplied bracket, so assembly cannot be completed.",Vishu Sales,,,Closed,Low,ritu@oakcraft.in,Customer Support,Under Warranty,ritu@oakcraft.in,2026-09-26T07:06:44.245Z,"Invoice verified, within cover.",FALSE,Not Required,0,0,Corrected bracket shipped with an illustrated assembly guide; installation confirmed.,Issue rectified and verified with the customer.,2026-09-29T11:36:44.245Z,78,TRUE,2026-09-29T11:36:44.245Z,0,FALSE
OAK-CMP-20260928-0001,2026-09-28T06:17:44.245Z,rahul@oakcraft.in,2026-10-01T03:47:44.245Z,rahul@oakcraft.in,Neha Bhatt,9100055433,OAK-ORD-24271,2026-07-23,Lounge/Accent Chair,Physical Retail Store (Our Brand),Structural Defect,The chair base developed a visible crack near the weld within a few weeks of normal use.,Capital Sales,,,Resolved,Critical,rahul@oakcraft.in,Service & Repair,Under Warranty,rahul@oakcraft.in,2026-09-28T07:47:44.245Z,"Invoice verified, within cover.",FALSE,Not Required,0,0,Replacement base dispatched and fitted on site by the service team.,Issue rectified and verified with the customer.,2026-10-01T03:47:44.245Z,69.5,TRUE,,0,FALSE
OAK-CMP-20260929-0001,2026-09-29T06:58:44.245Z,pooja@oakcraft.in,2026-09-29T06:58:44.245Z,pooja@oakcraft.in,Arjun Desai,9100047514,OAK-ORD-24258,2026-07-30,Office Chair (Ergonomic/Task),Third-Party Retailer (Flipkart),Other,Castors squeak loudly on hard flooring and one wheel keeps detaching from its socket.,Kanha Creation,,,Under Verification,High,pooja@oakcraft.in,Service & Repair,Under Warranty,pooja@oakcraft.in,2026-09-29T08:28:44.245Z,"Invoice verified, within cover.",FALSE,Not Required,0,0,,,,,FALSE,,0,FALSE
OAK-CMP-20261001-0001,2026-10-01T07:39:44.245Z,aman@oakcraft.in,2026-10-03T12:09:44.245Z,aman@oakcraft.in,Kavita Joshi,9100039595,OAK-ORD-24245,2026-08-07,Outdoor Chair,Company Website/Online Store,Aesthetic/Finish Issue,"Noticeable scratches and a patch of uneven polish on the right leg, visible on delivery.",Naman Packaging,,,Closed,Medium,aman@oakcraft.in,Customer Support,Out of Warranty,aman@oakcraft.in,2026-10-01T09:09:44.245Z,Purchased beyond the 12-month cover.,TRUE,Verified,450,450,Leg refinished at the workshop and returned within the TAT window.,Issue rectified and verified with the customer.,2026-10-03T12:09:44.245Z,52.5,TRUE,2026-10-03T12:09:44.245Z,0,FALSE
OAK-CMP-20261002-0001,2026-10-02T08:20:44.245Z,ritu@oakcraft.in,2026-10-04T04:20:44.245Z,ritu@oakcraft.in,Imran Shaikh,9100031676,OAK-ORD-24232,2026-08-14,Lounge/Accent Chair,Third-Party Retailer (Amazon),Mechanism Failure,The gas lift no longer holds height; the seat sinks fully within a minute of sitting down.,Vishu Sales,,,Closed,Low,ritu@oakcraft.in,Customer Support,Under Warranty,ritu@oakcraft.in,2026-10-02T09:50:44.245Z,"Invoice verified, within cover.",FALSE,Not Required,0,0,Gas lift cylinder replaced and load-tested on site.,Issue rectified and verified with the customer.,2026-10-04T04:20:44.245Z,44,TRUE,2026-10-04T04:20:44.245Z,0,FALSE
OAK-CMP-20261004-0001,2026-10-04T09:01:44.245Z,rahul@oakcraft.in,2026-10-04T09:01:44.245Z,rahul@oakcraft.in,Divya Rao,9100023757,OAK-ORD-24219,2026-08-22,Office Chair (Ergonomic/Task),Other,Material/Upholstery Damage,Fabric on the left armrest has frayed and the seam has opened along a 6 cm stretch.,Capital Sales,,,Assigned,Critical,rahul@oakcraft.in,Service & Repair,Under Warranty,rahul@oakcraft.in,2026-10-04T10:31:44.245Z,"Invoice verified, within cover.",FALSE,Not Required,0,0,,,,,FALSE,,0,FALSE
OAK-CMP-20261005-0001,2026-10-05T09:42:44.245Z,pooja@oakcraft.in,2026-10-06T12:42:44.245Z,pooja@oakcraft.in,Sanjay Patel,9100015838,OAK-ORD-24206,2026-08-29,Outdoor Chair,Physical Retail Store (Our Brand),Comfort/Ergonomics Issue,Lumbar support sits far lower than shown on the product page and causes back strain within an hour.,Kanha Creation,,,Closed,High,pooja@oakcraft.in,Service & Repair,Under Warranty,pooja@oakcraft.in,2026-10-05T11:12:44.245Z,"Invoice verified, within cover.",FALSE,Not Required,0,0,Lumbar module swapped for the adjustable variant at no cost.,Issue rectified and verified with the customer.,2026-10-06T12:42:44.245Z,27,TRUE,2026-10-06T12:42:44.245Z,0,FALSE
OAK-CMP-20261007-0001,2026-10-07T10:23:44.245Z,aman@oakcraft.in,2026-10-07T10:23:44.245Z,aman@oakcraft.in,Meera Iyer,9100007919,OAK-ORD-24193,2026-09-06,Lounge/Accent Chair,Third-Party Retailer (Flipkart),Assembly Issue,"Two bolt holes on the seat plate do not line up with the supplied bracket, so assembly cannot be completed.",Naman Packaging,,,Under Verification,Medium,aman@oakcraft.in,Customer Support,Out of Warranty,aman@oakcraft.in,2026-10-07T11:53:44.245Z,Purchased beyond the 12-month cover.,TRUE,Pending,750,0,,,,,FALSE,,0,FALSE
OAK-CMP-20261008-0001,2026-10-08T11:04:44.245Z,ritu@oakcraft.in,2026-10-08T11:04:44.245Z,ritu@oakcraft.in,Rohit Khanna,9100000000,OAK-ORD-24180,2026-09-13,Office Chair (Ergonomic/Task),Company Website/Online Store,Structural Defect,The chair base developed a visible crack near the weld within a few weeks of normal use.,Vishu Sales,,,Registered,Low,ritu@oakcraft.in,Customer Support,Pending Verification,,,,FALSE,Not Required,0,0,,,,,FALSE,,1,FALSE
